org,main
31,718
32,373
34,1680
38,1084
49,353
51,1072
52,705
55,970
56,757
60,1631
61,1175
63,269
65,727
67,722
68,800
70,636
71,275
72,1326
75,467
80,819
81,500
95,202
96,317
112,111
117,116
119,118
121,120
126,125
128,127
130,129
133,132
150,149
153,152
165,164
169,168
180,179
187,186
191,190
195,194
201,200
205,204
207,206
209,208
215,214
217,216
219,218
221,220
223,222
228,227
234,233
240,239
242,241
246,245
251,250
258,257
260,259
262,261
264,263
273,272
281,280
283,282
286,285
288,287
293,292
302,301
305,304
307,306
316,315
321,320
325,324
329,328
331,330
333,332
348,347
350,349
355,354
357,356
363,362
368,367
371,370
375,374
378,377
380,379
382,381
387,386
389,388
391,390
400,399
402,401
406,405
409,408
411,410
414,413
419,418
421,420
427,426
429,428
431,430
435,434
437,436
439,438
441,440
443,442
446,445
448,447
451,450
457,456
459,458
461,460
463,462
465,464
470,469
472,471
474,473
477,476
484,483
486,485
489,488
491,490
493,492
502,501
507,506
514,513
519,518
522,501
523,257
525,524
527,526
529,528
542,541
569,568
575,574
578,577
581,580
584,583
588,587
590,589
593,592
595,594
599,598
601,600
606,605
613,612
615,614
617,616
619,618
621,620
628,627
631,630
634,633
640,639
642,641
646,645
650,649
653,652
655,654
658,657
668,825
670,669
685,684
713,712
720,719
721,1168
723,1458
724,1173
731,730
738,739
743,174
744,745
749,750
751,732
752,753
754,108
760,1000
761,770
762,763
765,766
767,768
776,775
778,777
785,784
791,790
793,792
795,794
803,802
808,807
817,816
818,478
826,636
828,827
831,699
832,736
842,841
844,804
846,845
848,847
850,849
861,860
869,868
873,872
875,327
877,876
881,880
883,882
887,886
888,735
889,711
890,708
895,894
898,897
918,917
920,919
926,925
930,929
933,932
934,931
939,938
941,820
942,943
944,945
946,487
947,328
950,949
957,956
959,1164
960,1388
963,735
965,964
967,966
975,974
977,976
982,981
994,993
997,996
1004,1003
1006,1005
1008,1007
1010,1009
1015,824
1020,1019
1024,1023
1028,1027
1030,1751
1032,1031
1034,1033
1036,327
1046,1045
1047,1038
1051,1050
1055,1054
1057,1056
1069,1068
1090,1089
1105,991
1106,1102
1148,1159
1149,1158
1155,1154
1157,1156
1178,1177
1212,1141
1213,1142
1214,1140
1216,1215
1265,1264
1274,1125
1313,1312
1330,1210
1331,1329
1347,162
1348,498
1385,1111
1392,1364
1409,1408
1417,317
1641,1425
1647,1646
1649,1648
1662,1661
1665,1664
1670,1669
1693,1692
1719,1718
1728,1720
1756,1755
1772,1653
1774,1773
1785,1784
1797,1786
